year|movie|quote|author|tags|status2020|Angrezi Medium|Bharat ko angrezon se azaadi lene mein 200 saal lage the ... tu 18 tak toh ruk hi sakti hai|Irrfan Khan|Comedy|Not Uploaded
2020|Angrezi Medium|Aadmi ka sapna toot jaata hai na, toh aadmi khatam ho jaata hai|Irrfan Khan|Dreams|Not Uploaded
2020|Angrezi Medium|Zindagi mein kuch bhi hone se pehle, imaandar hona bahut zaroori hai|Zakir Hussain|Life|Not Uploaded
2020|Angrezi Medium|Shauk do tarah ke hove hai ... ek toh woh joh samay ke saath khatam ho jave hai ... aur duja woh joh samay ke saath maqsad ban jave hai|Irrfan Khan|Inspiration|Not Uploaded
2020|Angrezi Medium|Bachpan mein bacha hamari ungli pakad ke chale hai taake bheed mein kho na jave ... aur jis din woh hamari ungli chhod de ... toh aise laage jaise hum hi kho gaye ho ... par baat bhi hai bhaisaab ... jab talak balak aapki ungli chhodega nahi ... tab talak aake gale kaise lagavega|Irrfan Khan|Parents|Not Uploaded
2020|Angrezi Medium|Maine suna tha police walo ko kabhi ungli nahi karni chahiye ... lekin police wale hamari aisi ungli karenge ... kabhi nahi socha tha yaar|Irrfan Khan|Police|Not Uploaded
2020|Baaghi 3|Mujhpe aati toh main chhod deta ... mere bhai pe aati toh main phod deta|Tiger Shroff|Rowdyism|Not Uploaded
2020|Baaghi 3|Agar mere bhai ko kuch hua na ... toh kasam hamare baap ki ... tumhare desh ko is duniya ke nakshe se mitta dunga|Tiger Shroff|Family|Not Uploaded
2020|Baaghi 3|Aisi kya cheez hai joh insaan khareedta toh hai, pehenta nahi hai ... aur joh penhenta hai woh khareedta nahi hai ... kafan|Tiger Shroff|Clothes & Shoes|Not Uploaded
2020|Baaghi 3|Log rishton mein hadein paar karte hai ... mera ek aisa rishta tha jiske liye maine sarhadein paar kardi|Tiger Shroff|Drama|Not Uploaded
2020|Baaghi 3|Aisi kaunsi cheez hai joh tu pehenta bhi hai aur khayega bhi ... joota|Unknown|Clothes & Shoes|Not Uploaded
2020|Baaghi 3|Aisi kaunsi ma hai joh chakkar kaatke har baar saamne aake khadi hoti hai ... karma|Unknown|Drama|Not Uploaded
2020|Baaghi 3|Joh uniform mein rehta hai, woh hamesha form mein rehta hai ... joh khaaki pehenta hai, wohi mujrimon ko khaak mein milata hai ... aur jiske kandhon pe stars hote hai, wohi asli superstar hota hai|Unknown|Clothes & Shoes|Not Uploaded
2020|Happy Hardy And Heer|Dil mera pehli baar zor se dhadka hai ... unki ek jhalak milte hi life mein chha gaya filmy romance ka tadka hai|Himesh Reshammiya|Shayari|Not Uploaded
2020|Happy Hardy And Heer|Insaan jab bachpan mein hota hai na, toh usse koi farak nahi padta hai ki log uske baare mein kya sochte hai ... aur jawani mein woh parwah nahi karta hai ki log uske baare mein kya sochte hai ... lekin budhape mein aate aate pata chalta hai ki log toh tumhare baare mein sochte hi nahi hai|Himesh Reshammiya|Drama|Not Uploaded
2020|Happy Hardy And Heer|Mera waqt kuch yoon guzra iPhone ki delivery ke intezar mein ... ki karte rahe courier wale ke call ka wait, purane phone phek ke kabaad mein|Himesh Reshammiya|Shayari|Not Uploaded
2020|Happy Hardy And Heer|Hum life ko theek se samajhte nahi hai ... joh hamare paas nahi hai uski talash rehti hai ... aur joh paas hai woh hamare liye khaas nahi hota ... aur jab tak paas wale ki value samajh mein aati hai na ... tab tak woh past ban jaati hai|Unknown|Life|Not Uploaded
2020|Happy Hardy And Heer|Dil chhune wali kahaniyan kabhi dil cheer bhi deti hai|Unknown|Drama|Not Uploaded
2020|Happy Hardy And Heer|Khane wale ko khane ka bahana chahiye ... bhook lage ya na lage khana chahiye|Unknown|Food & Drinks|Not Uploaded
2020|Happy Hardy And Heer|Keh rahi hai nazdeekiyan faasle hai ab bhi darmiyan ... teri mohabbat mein awara hua hai dil, dhoond raha hai teri galiyan|Unknown|Shayari|Not Uploaded
2020|Happy Hardy And Heer|Waqt jab zakhm deta hai na ... uska ilaaj bhi waqt ke paas hi hota hai|Unknown|Time|Not Uploaded
2020|Jai Mummy Di|Kehte hai bhagwan ka sakshat roop hoti hai maa ... joh kaam bhagwan bhi nahi kar sakte, woh maa karti hai ... lekin jab ek maa doosri maa se takrati hai ... toh yehi maa sabki maa ki|Sunny Singh|Parents|Not Uploaded
2020|Jai Mummy Di|Himmat tabhi aati hai jab poori tarike se phatti pe hoti hai|Unknown|Courage|Not Uploaded
2020|Jawaani Jaaneman|Sher hoon main sher ... aur sher tab tak raja hota hai jab tak akela rehta hai|Saif Ali Khan|Animals & Birds|Not Uploaded
2020|Jawaani Jaaneman|Family na aadmi ko chomu bana deti hai|Saif Ali Khan|Family|Not Uploaded
2020|Jawaani Jaaneman|Mard apni poori zindagi mardangi ki baatein karte hai ... par pregnancy sunte hi jaise namard ho jaate hai|Saif Ali Khan|Men|Not Uploaded
2020|Love Aaj Kal (2020)|Joh kehne ko aaya tha ... ankahi hi reh gayi woh baat ... sab baaton ke baat|Randeep Hooda|Shayari|Not Uploaded
2020|Love Aaj Kal (2020)|Aana toh poori tarah aana ... ya toh aana hi mat|Kartik Aaryan|Drama|Not Uploaded
2020|Malang|Ek darr do baar nahi lagta|Disha Patani|Inspiration|Not Uploaded
2020|Malang|Badle mein hamesha do kabarein khodni padti hai ... jis mein ek apni khudki hoti hai|Kunal Khemu|Revenge|Not Uploaded
2020|Malang|Darr ki pahunch na bahut solid hoti hai ... kisi ko dil pe effect karti hai ... kisi ko dimaag pe ... aur kisi ko seedha taango ke beech|Kunal Khemu|Drama|Not Uploaded
2020|Malang|Aaj ka andhera bahut gehra aane wala hai ... aur khamoshi kaan phaad|Anil Kapoor|Drama|Not Uploaded
2020|Malang|Criminal ko arrest karke case khatam hota hai ... criminal nahi ... woh kabhi na kabhi dushman bankar phir vapas lautta hai|Anil Kapoor|Thief & Criminal|Not Uploaded
2020|Panga|Jab insaan ka waqt badalta hai na ... toh aas paas ke logon ka ravaiya bhi badal jaata hai|Kangana Ranaut|Time|Not Uploaded
2020|Panga|Har ek khiladi apne liye ya apne team ke liye khelta hai ... sirf kuch ek khushnaseeb khiladi aise hote hai, jinko desh ke liye khelne ka mauka milta hai|Unknown|Sports & Games|Not Uploaded
2020|Panga|Koi bhi khiladi us din ke liye khelta hai, jis din woh desh ke liye khelta hai|Unknown|Sports & Games|Not Uploaded
2020|Shimla Mirchi|Deewane ka dimaag hai khali ... bina hope ke hi duniya basa li|Shakti Kapoor|Comedy|Not Uploaded
2020|Shimla Mirchi|Tareef kya karoon main aapki, words nahi milte ... itne kam budget mein aise honhar balak nahi milte|Shakti Kapoor|Shayari|Not Uploaded
2020|Shimla Mirchi|Kuch log joh sochte hai usse paate hai ... aur kuch aise loser hote hai joh sirf apna waqt ganwate hai|Shakti Kapoor|Shayari|Not Uploaded
2020|Shimla Mirchi|Pyar us hi se karna joh tumse pyar kare ... khud se zyada tumpar aitbaar kare|Hema Malini|Romance|Not Uploaded
2020|Shimla Mirchi|Jahan dekho ishq ke bimaar baithe hai ... lakhon mar gaye, saikadon taiyaar baithe hai|Shakti Kapoor|Shayari|Not Uploaded
2020|Shubh Mangal Zyada Saavdhan|Shaadiyan mahurat se hoti hai ... par pyar ka koi mahurat nahi hota hai ... na rang hota hai ... aur na koi ling hota hai|Ayushmann Khurrana|Marriage & Wedding|Not Uploaded
2020|Shubh Mangal Zyada Saavdhan|Jack and Johnny went up the hill to live in love and laughter ... Jack ki leli papa ne aur Johnny chup gaya bhaagkar|Ayushmann Khurrana|Poem|Not Uploaded
2020|Shubh Mangal Zyada Saavdhan|Roz humein ladai ladni padti hai zindagi mein ... par joh ladai pariwar ke saath hoti hai woh saari ladaiyon mein sabse badi aur khatarnak hoti hai|Ayushmann Khurrana|Family|Not Uploaded
2020|Sooryavanshi|Jis goli se tu marega uske upar aisa bade mein likha hoinga ... Made in India|Akshay Kumar|Action|Not Uploaded
2020|Sooryavanshi|Mumbai police passport pe religion dekhkar goli nahi chalati ... criminal record dekhkar thokti hai|Akshay Kumar|Police|Not Uploaded
2020|Street Dancer 3D|Chahe tere lab pe Waheguru da naam aave ya na aave ... lekin woh pal bhi ibadat da haunda hai jab tu kisi aur ke kaam aave|Varun Dhawan|Religion & God|Not Uploaded
2020|Street Dancer 3D|Champion bhi ikka tab nikalta hai jab saamne badshah hota hai|Varun Dhawan|Gambling|Not Uploaded
2020|Street Dancer 3D|Tu jaanta hai tumhare aur hamare dance mein kya farak hai ... tu khud ke liye dance karta hai ... hum doosron ke liye|Prabhu Deva|Dance|Not Uploaded
2020|Street Dancer 3D|Meri life ka rule number 1 hai ... never be number 2|Varun Dhawan|Victory & Success|Not Uploaded
2020|Street Dancer 3D|Dua tujhe aage milegi ya nahi milegi ... lekin yeh saali baddua hai na, yeh tera peecha kabhi nahi chhodegi|Prabhu Deva|Drama|Not Uploaded
2020|Street Dancer 3D|Apna joh dil hai na woh dimaag jitna nahi sochta ... haan lekin joh sochta hai, bilkul sahi sochta hai|Shraddha Kapoor|Inspiration|Not Uploaded
2020|Street Dancer 3D|Physics bolta hai ... two negatives make one positive ... economics bhi bolta hai ... akele mein loss karne se behtar hai, profit sharing karlo ... aur moral science bhi bolta hai ... united we stand and divided we fall ... history mein bhi kaha hai ... gore log India se tab bhaage jab hum log ek the|Unknown|Technology & Science|Not Uploaded
2020|Street Dancer 3D|Apne liye naacha toh kya naacha ... apno ke liye naacha toh koi baat hai|Unknown|Dance|Not Uploaded
2020|Street Dancer 3D|We dance to express and you dance to impress|Unknown|Dance|Not Uploaded
2020|Tanhaji: The Unsung Warrior|Har Maratha pagal hai ... swaraj ka, Shivaji raje ka, bagwe ka|Ajay Devgan|Patriotism|Not Uploaded
2020|Tanhaji: The Unsung Warrior|Jab Shivaji raje ki talwar chalti hai ... toh auraton ka ghunghat aur brahmanon ka janeyu salamat rehta hai|Kajol|Drama|Not Uploaded
2020|Tanhaji: The Unsung Warrior|Teri mitti jazbaat se judi hai aur meri akkal pani se ... tu jaan de sakta hai, main jaan le sakta hoon|Saif Ali Khan|Drama|Not Uploaded
2020|Tanhaji: The Unsung Warrior|Jise haarne ka darr nahi ... jeet usse door nahi|Ajay Devgan|Victory & Success|Not Uploaded
2020|Tanhaji: The Unsung Warrior|Joh yodha apni talwar khud banata hai ... us par uska vishwas dugna ho jaata hai|Sharad Kelkar|Action|Not Uploaded
2020|Tanhaji: The Unsung Warrior|Jis tarah mitti ke har kann mein pahad hota hai ... har beej mein ek jungle ... har talwar mein ek sena ... ussi tarah har ek Maratha mein chupa hai lakh Maratha|Ajay Devgan|Courage|Not Uploaded
2020|Tanhaji: The Unsung Warrior|Yudh mein shastra nahi, saahas chahiye ... sena nahi, himmat chahiye|Unknown|Courage|Not Uploaded
2020|Tanhaji: The Unsung Warrior|Jab dushman ko hara na sake aur khud ki haar manzoor na ho ... toh ek hi raasta bachta hai ... sulah|Unknown|Enemy|Not Uploaded
2020|Tanhaji: The Unsung Warrior|Hamla ... pehla vaar lakh molachi|Unknown|Action|Not Uploaded
2020|Thappad|Rishtey banane mein utni effort nahi lagti jitna nibhane mein lagti hai|Dia Mirza|Drama|Not Uploaded
2020|Thappad|Hum toh hamesha sahi sochke karte hai ... aur kayi baar sahi karne ka result happy nahi hota|Unknown|Drama|Not Uploaded
2020|Thappad|Har rishta flawed hota hai ... usse jodke rakhna padta hai|Unknown|Drama|Not Uploaded
2019|Amavas|Sach hamesha woh nahi hota joh sirf dikhai de|Mona Singh|Truth & Honesty|Not Uploaded
2019|Amavas|Har sikke ke do pehlu hote hai ... if there is god, there is evil ... agar achai hai, toh burai bhi hai ... agar roshni hai, toh andhera bhi|Mona Singh|Drama|Not Uploaded
2019|Amavas|Joh aatma badla chahti ho ya phir koi adhoori khwaish poori karne aayi ho ... woh bahut dangerous hoti hai|Mona Singh|Horror|Not Uploaded
2019|Arjun Patiala|Jab chote the toh sochte the ki duniya badal denge ... vade huye toh samajh mein aaya ki duniya ko samajh le, yehi kaafi hai|Ronit Roy|World & Universe|Not Uploaded
2019|Arjun Patiala|Meri zindagi mein ladki ka aana utna hi mushkil hai jitna purani filmon mein court mein sahi salamat gawah ka pahunchna|Varun Sharma|Comedy|Not Uploaded
2019|Arjun Patiala|Maa behen ki izzat ki jaati hai ... na ke unke izzat ki maa behen|Diljit Dosanjh|Family|Not Uploaded
2019|Arjun Patiala|Jaise maa apne bachon mein farak nahi karti ... aise police wala bhi apne badmasho mein farak nahi karte ... hum sabko ek hi aankh se dekhenge ... maa ki aankh se|Diljit Dosanjh|Police|Not Uploaded
2019|Arjun Patiala|Padai likhai mann se karo ... lekin khel kood jamke karo|Ronit Roy|Education|Not Uploaded
2019|Article 15|Chaand nikla hai zamane ke baad ... maza aa gaya hai aapke aane ke baad|Ayushmann Khurrana|Shayari|Not Uploaded
2019|Article 15|Life mein haan ya na ki probability 50-50 ki hoti hai ... aur mujhe lagta hai ki haan wala 50 bahut hota hai|Unknown|Life|Not Uploaded
2019|Bala|Aap mote, kaale, naate, ganje, chahe jaise bhi dikhte ho ... agar aap apne aapse pyar karenge toh duniya bhi aapse pyar karegi|Ayushmann Khurrana|Inspiration|Not Uploaded
2019|Bala|Roothi huyi girlfriend lautke aa sakti hai ... gayi huyi sarkar vapas aa sakti hai ... lekin gaye huye baal vapas nahi aate guru|Ayushmann Khurrana|Comedy|Not Uploaded
2019|Bala|Kutta agar kaat le toh 14 sui lagta hai ... lekin agar khudhai ka kutta kaat le toh 28|Unknown|Animals & Birds|Not Uploaded
2019|Bala|Hum baal hai ... sabse bada bawaal hai ... khopdi ki khaal hai ... bheje ki dhaal hai ... agar mil gaye toh kamaal hai ... aur nahi mile toh zindagi bhar ka malaal hai|Unknown|Comedy|Not Uploaded
2019|Bharat|Jitne safed baal mere sar aur daari mein hai ... usse kahin zyada rangeen meri zindagi rahi hai|Salman Khan|Life|Not Uploaded
2019|Bharat|Har muskurate huye chehre ke peeche ek dard chupa hota hai ... aur shayad wohi dard aapko zinda rakhta hai|Salman Khan|Drama|Not Uploaded
2019|Bharat|Yeh sher boodha zaroor ho gaya hai ... lekin shikaar karna nahi bhoola|Salman Khan|Animals & Birds|Not Uploaded
2019|Bharat|Logon ka yeh maanna hai ki duniya mein sirf saat kahaniyan hai ... lekin main yeh maanta hoon ki duniya mein jitne log hai utni hi kahaniyan hai|Salman Khan|World & Universe|Not Uploaded
2019|Bharat|Desh logon se banta hai aur logon ki pehchan unke pariwar se hoti hai|Jackie Shroff|Patriotism|Not Uploaded
2019|Bharat|Yeh desh vishwas aur insaaniyat ki neev par khada hua hai ... ho sakta hai waqt is desh ke beech mein lakeer kheench de ... lekin jab tak yeh lakeer is desh ke rehne walon ke dilon mein nahi kheenchegi na ... tab tak hum ek rahenge|Jackie Shroff|Patriotism|Not Uploaded
2019|Bypass Road|Jinke dushman nahi hote ... unke apne hi dushman hote hai|Neil Nitin Mukesh|Enemy|Not Uploaded
2019|Bypass Road|Mujhe hurt karoge, chalega ... lekin mere ego ko hurt karoge, woh nahi chalega|Manish Chaudhary|Drama|Not Uploaded
2019|Bypass Road|Tum bas woh dekh rahe ho joh tumhe dekhna hai ... zindagi tumhe kya dikhana chahti hai woh dekho|Neil Nitin Mukesh|Life|Not Uploaded
2019|Bypass Road|Pyar badi harami cheez hoti hai ... kisi ke marne ki wajah hi nahi ... maarne ka maqsad bhi dhoond hi leti hai|Unknown|Drama|Not Uploaded
2019|Bypass Road|Zindagi aur raste ek jaise hote hai ... kis modh pe badal jaaye, pata nahi chalta|Unknown|Life|Not Uploaded
2019|Chhichhore|Tumhara result decide nahi karta hai ki tum loser ho ki nahi ... tumhari koshish decide karti hai|Sushant Singh Rajput|Inspiration|Not Uploaded
2019|Chhichhore|Sache dost wohi hote hai ... joh achhe waqt mein aapki bajate hai ... aur jab mushkil waqt aata hai toh wohi chhichhore aapke darwaze par khade nazar aate hai|Sushant Singh Rajput|Friendship|Not Uploaded
2019|Chhichhore|Doosron se haarke loser kehlane se kahin zyada bura hai ... khud se haarke loser kehlana|Sushant Singh Rajput|Inspiration|Not Uploaded
2019|Chhichhore|Hum haar jeet, success failure mein itna ulajh gaye hai ... ki zindagi jeena bhool gaye hai ... zindagi mein agar kuch sabse zyada important hai ... toh woh hai khud zindagi|Sushant Singh Rajput|Life|Not Uploaded
2019|Chhichhore|Success ke baad ka plan sabke paas hai ... lekin agar galti se fail ho gaye ... toh failure se kaise deal karna hai ... koi baat hi nahi karna chahta|Unknown|Victory & Success|Not Uploaded
2019|Chhichhore|Yeh kaam bhi kitni chalu cheez hai na ... jab kaam ko time chahiye hota hai toh family adjust karti hai na ... aur jab family ko time chahiye toh kaam ko toh adjust karna padega|Unknown|Family|Not Uploaded
2019|Chhichhore|Pata nahi kya jaadu hai college life mein ... jahan anjaane milte hai aur dost ban jaate hai ... zindagi bhar ke liye ... aur aise waise dost nahi ... kutte dost|Unknown|Friendship|Not Uploaded
2019|Commando 3|Hindustani Hindu ho ya Musalman ... ab kisine ungli ki ... toh haath judega nahi, todega|Vidyut Jamwal|Patriotism|Not Uploaded
2019|Commando 3|Pehle pardon mein chupa karta tha ... ab mardon mein ... bahut jald kabr mein chupega tu ... bacha sakta hai tu khudko toh bachale|Vidyut Jamwal|Action|Not Uploaded
2019|Commando 3|Nasal ya fasal barbaad hoti hai toh desh barbaad hota hai|Vidyut Jamwal|Patriotism|Not Uploaded
2019|Commando 3|(Kafi jazbaati ho) - Na, sirf Bharatwadi|Vidyut Jamwal|Patriotism|Not Uploaded
2019|Dabangg 3|Maarenge bhi hum aur bachayenge bhi hum ... yeh tumhari aatma dekhegi aur ghanta kuch nahi kar payegi|Salman Khan|Action|Not Uploaded
2019|Dabangg 3|Narazgi is baat ki nahi hai humein ke tum hamare ghar mein gusse ... narazgi toh is baat ki hai ke tum hamare ghar mein gusse jab hum nahi the|Salman Khan|House|Not Uploaded
2019|Dabangg 3|Ek hota hai policewala aur ek hota hai gunda ... hum kehlate hai policewala gunda|Salman Khan|Police|Not Uploaded
2019|Dabangg 3|Hum unhi ko thokte hai joh ke zaroorat se zyada bhaukte hai|Salman Khan|Rowdyism|Not Uploaded
2019|Dabangg 3|Achhai aur burai ki ladai mein aapne suna hoga ki jeet acchai ki hoti hai ... galat suna hai aapne ... jeet burai ki hoti hai ... kyun ki ek acche aadmi mein harane ke liye us level ka kameenapan hota hi nahi hai|Salman Khan|Victory & Success|Not Uploaded
2019|Dabangg 3|Jiske aage ho Ali aur peeche Bajrangbali ... uska kya ukhaadega Bali ya Baahubali|Salman Khan|Courage|Not Uploaded
2019|Dabangg 3|Joh aurat doosri aurat ki izzat na kare ... hamari nazar mein woh aurat hi nahi|Salman Khan|Women|Not Uploaded
2019|Dabangg 3|Tum jaise namardon ko dharti pe nahi ... dharti ke bheetar hona chahiye|Salman Khan|Drama|Not Uploaded
2019|Dabangg 3|Vyavastha mein kami kaam ke class ko gira deti hai ... aur hum class aur mass, dono ke liye kaam karte hai|Salman Khan|Comedy|Not Uploaded
2019|Dabangg 3|Chamche ho, dhundle mein bhi saaf nazar aa rahe ho ... ab yeh clear karo ke teaspoon ho ya tablespoon|Salman Khan|Comedy|Not Uploaded
2019|Dabangg 3|Ab sabke liye good news hai ... aur good news yeh hai ki, bad news samapth ho chuki hai|Unknown|Comedy|Not Uploaded
2019|De De Pyaar De|Milke tujhe ban gaya hoon ... na milta toh adhoora reh jaata ... sang chalta zamane ki bheed mein ... na jaane kis raah pe jaata ... main adhoora reh jaata|Jimmy Shergill|Shayari|Not Uploaded
2019|De De Pyaar De|Main har cheez dobara kar lunga ... har jagah dobara chal lunga ... har galati dobara kar lunga ... har ladai dobara ladh lunga ... dobara mana lunga ... dobara our song chhun lunga ... dobara pet name bhi soch lunga ... har jhooth dobara bol lunga ... har taana dobara sun lunga ... har hasi dobara has lunga ... har aansun dobara roh lunga ... tere bina life badi jee huyi baasi si lagti hai ... mujhe ek baar phir apne saath dobara jeene de na|Ajay Devgan|Romance|Not Uploaded
2019|De De Pyaar De|Shakal se shaadi-shuda aur harkaton se divorcee lagte ho|Rakul Preet Singh|Marriage & Wedding|Not Uploaded
2019|Dream Girl (2019)|Duniya mein har koi galat hai ... aur sahi woh hai joh kam galat hai|Ayushmann Khurrana|World & Universe|Not Uploaded
2019|Dream Girl (2019)|Duniya mein jitni bheed badhti jaa rahi hai ... log utne hi akele hote jaa rahe hai|Ayushmann Khurrana|World & Universe|Not Uploaded
2019|Dream Girl (2019)|Dil kehta hai unse mil ... dimag kehta hai duty ke baad mil|Ayushmann Khurrana|Shayari|Not Uploaded
2019|Dream Girl (2019)|Qaid mein hai zindagi, azaad ho jaa ... mohabbat mein chal barbaad ho jaa ... teri shehad si awaaz ko kaano se chakk loon ... tu mere ishq ka meetha swad ho jaa|Vijay Raaz|Shayari|Not Uploaded
2019|Dream Girl (2019)|Mard ke sar ke baal white ho sakte hai, lekin dil ke nahi|Annu Kapoor|Men|Not Uploaded
2019|Dream Girl (2019)|Dil tune kuch aisa kar daala ... na jee raha hoon na mar raha hoon ... yo kya ho gaya saala|Vijay Raaz|Shayari|Not Uploaded
2019|Dream Girl (2019)|Tumhari zulf ke saaye mein shaam kar longo ... aur safar ek umr ko tamaam kaam kar longo ... aur nazar milai toh pochongo ishq-o-anjaam ... aur nazar jukai toh khali salaam kar longo|Annu Kapoor|Shayari|Not Uploaded
2019|Dream Girl (2019)|Main acha hoon toh acha hoon ... aur bura hoon toh aur bhi acha hoon|Rajesh Sharma|Comedy|Not Uploaded
2019|Family of Thakurganj|Jung ladne se pehle jung ladne ke darr se bahar nikalna padta hai ... tab jaake fateh hoti hai|Jimmy Shergill|War & Battle|Not Uploaded
2019|Family of Thakurganj|Bola kam hai ... yaad zyada rakhna|Saurabh Shukla|Rowdyism|Not Uploaded
2019|Family of Thakurganj|Jin logon ke hausle kuchle jaate hai na ... manzil bhi wohi paate hai|Supriya Pilgaonkar|Inspiration|Not Uploaded
2019|Family of Thakurganj|Dhanda koi bhi ho ... chalta zabaan pe hai|Jimmy Shergill|Business|Not Uploaded
2019|Family of Thakurganj|Jahan burai ke bageeche hai ... wahan unhe tabah karne ke liye aandhiyan bhi toh hoti hai|Saurabh Shukla|Drama|Not Uploaded
2019|Family of Thakurganj|Hum sirf khodke nikalte nahi hai ... khodke nikalke phir gaadh dete hai|Unknown|Rowdyism|Not Uploaded
2019|Family of Thakurganj|Patang ko kaatne se pehle usko dheel deni chahiye ... phir jhatke se kaatna chahiye|Unknown|Drama|Not Uploaded
2019|Housefull 4|Tu mera pati ... main teri patni ... bhar de meri maang ... nahi toh cheer doongi teri taang|Johnny Lever|Husband & Wife|Not Uploaded
2019|Housefull 4|Itihaas ki ek khasiyat hoti hai ... jab bhi woh khudko dohrata hai ... toh saare pyaade wahin khade milte hai|Sharad Kelkar|Drama|Not Uploaded
2019|Housefull 4|Kismat ki bhi ek khasiyat hoti hai ... kismat ka paiya ghoomta hai na ... toh saare paase apne aap hi palat jaate hai|Akshay Kumar|Luck & Destiny|Not Uploaded
2019|Housefull 4|Jiska zor kam hota hai wohi kamzor hota hai|Bobby Deol|Drama|Not Uploaded
2019|Housefull 4|Kabootar ka yuck brings good luck|Ranjeet|Animals & Birds|Not Uploaded
2019|Housefull 4|Wife shakti ... husband sehanshakti|Nawazuddin Siddiqui|Husband & Wife|Not Uploaded
2019|Housefull 4|Ranbhoomi mein tantra, mantra ya phir yantra chalta hai ... lekin vijayi wohi hota hai jahan shadyantra chalta hai|Sharad Kelkar|War & Battle|Not Uploaded
2019|India's Most Wanted|Aatma kabhi nahi marti, shareer marta hai ... main logon ko maar nahi raha hoon ... bas unki aatma ko doosre shareer mein bhej raha hoon|Arjun Kapoor|Rowdyism|Not Uploaded
2019|India's Most Wanted|Yeh jung hai ... is jung mein kuch bhi ho ... chahe marenge ya maarenge ... milegi toh jannat hi|Unknown|War & Battle|Not Uploaded
2019|India's Most Wanted|Joh koi bhi kisi bekasoor ka qatal karta hai ... woh poori insaaniyat ka qatil hai ... joh koi bhi ek zindagi bachata hai ... woh poori insaaniyat ko bachata hai|Unknown|Inspiration|Not Uploaded
2019|Jabariya Jodi|Rukavat ke liye khed hai ... tumhara kidnap prepaid hai|Sidharth Malhotra|Comedy|Not Uploaded
2019|Jabariya Jodi|Bihar mein teen tarah se jodiyan banti hai babu ... himmat walo ki arranged jodi ... kismat walo ki love jodi ... aur dahej ke lalchiyon ki jabariya jodi|Aparshakti Khurana|City & Places|Not Uploaded
2019|Jabariya Jodi|Mohabbat ki bebasi ko kah kahe mere dost ... ki baanh mein koi aur hai aur chah mein koi aur|Aparshakti Khurana|Shayari|Not Uploaded
2019|Jabariya Jodi|Woh jaa rahi thi humse door kuch is qadar ... jaise saansein chhodkar zindagi jaa rahi ho|Aparshakti Khurana|Shayari|Not Uploaded
2019|Jabariya Jodi|Dil chota na ki jiye ... chota chota li jiye|Sidharth Malhotra|Sadness|Not Uploaded
2019|Jabariya Jodi|Dil toot gaya saansein gayi tham ... meri zindagi kuch barbaad si hai ... dil toot gaya toh kya ... woh khush hai khushi is baat ki hai|Javed Jaffrey|Shayari|Not Uploaded
2019|Jabariya Jodi|Aisa shakal, zyada akal aur faltu ka dhakal dene walo ka hum sirf shradh karate hai|Unknown|Rowdyism|Not Uploaded
2019|Jabariya Jodi|Kisi se itna mat darro ki khud hi ke liye izzat khatam ho jaye ... kya hai na, kuch rishton mein na izzat aur darr ke beech ka farak pata nahi chalta|Unknown|Drama|Not Uploaded
2019|Jabariya Jodi|Emotion ke loose motion lag gaye hai|Unknown|Comedy|Not Uploaded
2019|Jabariya Jodi|Paan banaye ho ki Japan banaye ho ... itna chota|Unknown|Food & Drinks|Not Uploaded
2019|Jabariya Jodi|Duniya tikka hai siddhanto par ... par chalta settlement se hi hai|Unknown|World & Universe|Not Uploaded
2019|Jhootha Kahin Ka|Subah ka bhoola agar shaam ko laute toh usse bhoola nahi kehte ... par shaam ka bhoola agar subah laute toh usse doodh ka dhoola bhi toh nahi kehte|Rishi Kapoor|Comedy|Not Uploaded
2019|Jhootha Kahin Ka|Aaj kal doston ke beech mein jhappiyan gayi ... pappiyan chal rahi hai|Sunny Singh|Friendship|Not Uploaded
2019|Jhootha Kahin Ka|Saala jitna tumhara shakal badsoorat hai utna tumhara aatma kaala hai ... itna kaala ki jab tumhara shareer se tumhara aatma niklega toh surya grahan padh jayega|Jimmy Shergill|Comedy|Not Uploaded
2019|Jhootha Kahin Ka|Mann mein jab jhol ho aur chaddi mein hole ho ... toh aap jitna bhi beparwah ghoomo ... duniya ko sab dikh hi raha hota hai|Rishi Kapoor|Clothes & Shoes|Not Uploaded
2019|Jhootha Kahin Ka|(Didi ki muskaan achhi nahi lagi aapko kabhi) - Jahan inke dimple padte hai na ... teri didi ke wahan pimple rehte the|Rishi Kapoor|Comedy|Not Uploaded
2019|Jhootha Kahin Ka|Khud ka shakal bulldog jaisa hai, humko dog bula raha hai|Jimmy Shergill|Animals & Birds|Not Uploaded
2019|Jhootha Kahin Ka|Zindagi bhar itna make-up lagaya hai ki tumhara original chehra kaunsa hai, yeh bhool gaya hoon main|Manoj Joshi|Comedy|Not Uploaded
2019|Jhootha Kahin Ka|Shaadi patane ka fayda nahi ... shaadi patane ki saza hoti hai|Jimmy Shergill|Marriage & Wedding|Not Uploaded
2019|Jhootha Kahin Ka|Handsome logon ko bhagwan fursat mein banata hai ... tumko khunas mein banaya hoga|Unknown|Comedy|Not Uploaded
2019|Judgementall Hai Kya|Aaj kal normal logon se darro|Kangana Ranaut|Comedy|Not Uploaded
2019|Judgementall Hai Kya|Jis daali pe maine nazar daali, woh daali kisi ne kaat daali|Rajkummar Rao|Flowers & Trees|Not Uploaded
2019|Judgementall Hai Kya|Jab ek samajhdaar aadmi ki satakti hai na ... toh bade se bade pagal ko bhi na seedha kar deta hai|Rajkummar Rao|Comedy|Not Uploaded
2019|Kabir Singh|Life mein pehda hona, pyar karna aur mar jaana ... yeh 10% moments sabse important hote hai ... baaki 90% are just reactions to them|Shahid Kapoor|Life|Not Uploaded
2019|Kabir Singh|I'm not a rebel without a cause|Shahid Kapoor|Drama|Not Uploaded
2019|Kabir Singh|Jaante bhoojhte crime karna is a bigger crime|Unknown|Crime|Not Uploaded
2019|Kalank|Mohabbat aur nafrat dono ke rang laal hai ... lekin fark yeh hai ki nafrat se duniya barbaad ho jaati hai ... aur mohabbat mein khud barbaad hona padta hai ... phir bhi kalank aksar mohabbat pe lagta hai|Alia Bhatt|Drama|Not Uploaded
2019|Kalank|Pyar na karne ki hazar wajah mil sakti hai darr ke bazar mein ... lekin pyar karne ki sirf ek dhoondni hoti hai apne dil mein|Alia Bhatt|Romance|Not Uploaded
2019|Kalank|Umeed sirf intezar karati hai ... sachai nahi badalti|Sonakshi Sinha|Drama|Not Uploaded
2019|Kalank|Mohabbat usse karte hai joh aap par izzat kar sake ... aapse aapke mohabbat se zyada mohabbat kar sake|Madhuri Dixit|Romance|Not Uploaded
2019|Kalank|Kabhi kabhi nuksaan rok lena faide se behtar hota hai|Varun Dhawan|Business|Not Uploaded
2019|Kalank|Ishq ka andhapan akal ke darwaje band kar deta hai|Kunal Khemu|Romance|Not Uploaded
2019|Kalank|Ishq ki galiyan badi geeli hoti hai ... aksar aashiq phisalkar mooh ke bal girta hai|Kunal Khemu|Romance|Not Uploaded
2019|Kalank|Najayaz mohabbat ka anjaam aksar tabahi hota hai|Madhuri Dixit|Drama|Not Uploaded
2019|Kalank|Logon ke kaam pe tavajoh dena seekh ... unke baap ke naam pe nahi|Varun Dhawan|Drama|Not Uploaded
2019|Kalank|Marte huye ko apne karam theek karne chahiye ... tabiyat nahi|Sonakshi Sinha|Death|Not Uploaded
2019|Kalank|Gusse mein kiye faisle aksar galtiyon mein tabdeel hote hai|Aditya Roy Kapur|Drama|Not Uploaded
2019|Kalank|Pati patni ka rishta riwazon se nahi, pyar se bandna chahiye|Aditya Roy Kapur|Husband & Wife|Not Uploaded
2019|Kalank|Inquilaab khoon bahake laaya jaata hai ... baatein karke nahi|Varun Dhawan|Action|Not Uploaded
2019|Kesari|Ladne se sirf dushman khatam hota hai ... aur pani pilane se dushmani|Akshay Kumar|Enemy|Not Uploaded
2019|Khamoshi|Aane wale kal ki umeed mein joh rehte hai ... unhe beeta hua kal hara nahi sakta|Tamannaah Bhatia|Inspiration|Not Uploaded
2019|Khamoshi|Jab koi baat dil ko sahi lage ... tab woh baat sahi hoti hai ... phir duniya chahe kuch bhi kahe ... tum bas apne dil ki sun'na|Tamannaah Bhatia|Drama|Not Uploaded
2019|Khamoshi|Raat kitni bhi kaali kyun na ho ... subah ko nahi rok sakti|Unknown|Drama|Not Uploaded
2019|Khandaani Shafakhana|HIV positive, TB positive, Malaria positive ... yeh medical line na eklauti line hai jismein positive ka matlab bad news hota hai|Sonakshi Sinha|Technology & Science|Not Uploaded
2019|Khandaani Shafakhana|Har ek friend zaroori hota hai ... par sirf apni zaroorat dekhne wala friend na ... friend nahi hota|Sonakshi Sinha|Friendship|Not Uploaded
2019|Laal Kaptaan|Zyada bhala na bolna ... zyada bhali na choop ... zyada bhala na barasna ... zyada bhali na dhoop|Saif Ali Khan|Shayari|Not Uploaded
2019|Laal Kaptaan|Aadmi ke paida hote hi kaal apne bhaise pe baithke chal padta hai usse vapis lewane ... aadmi ki zindagi utni jitna samay us bhaise ko laga us tak pahunchne mein|Saif Ali Khan|Time|Not Uploaded
2019|Laal Kaptaan|Joh aankhon se dikh jaaye ... woh zakhm hi kya|Saif Ali Khan|Drama|Not Uploaded
2019|Laal Kaptaan|Joh kaal ke saath badal jaaye woh akaal hi kaisa|Saif Ali Khan|Time|Not Uploaded
2019|Laal Kaptaan|Maut ki taiyaari pehda hote hi shuru ho jaati hai|Saif Ali Khan|Death|Not Uploaded
2019|Laal Kaptaan|Anjaane ko na jagaiye, jaane kaun jaag jaaye ... yeh teeno sote mare ... singh, saanp aur kaal|Saif Ali Khan|Animals & Birds|Not Uploaded
2019|Laal Kaptaan|Har Ram ka apna Ravan ... har Ram ka apna Dussehra|Unknown|Religion & God|Not Uploaded
2019|Made In China|Business start karne ke liye sabse zaroori cheez kya hoti hai pata hai ... ispaat ke andhkosh|Rajkummar Rao|Business|Not Uploaded
2019|Made In China|Sahi business wohi hai jahan aap problem ko nahi ... solution ko bechte hai|Rajkummar Rao|Business|Not Uploaded
2019|Made In China|Sangharsh ko chunauti mat samjho ... sangharsh toh ek mauka hai ... sangharsh se aap bahut door tak ja sakte hai ... aur bina sangharsh ke aap kamyaabi ke nazdeek bhi nahi ja sakte|Rajkummar Rao|Inspiration|Not Uploaded
2019|Made In China|Aam aadmi sirf do tareeke se famous hota hai ... sahi jagah pe galat cheez bolke ... ya galat jagah pe sahi cheez bolke|Paresh Rawal|Drama|Not Uploaded
2019|Made In China|Every crisis is an opportunity in disguise ... toh mushkil ko mauka bana aur maar de chauka|Rajkummar Rao|Inspiration|Not Uploaded
2019|Made In China|Har successful business ka ek secret hota hai ... trade secret ... yeh secret bandh muthi mein lakh ka hota hai ... aur khuli hatheli mein khak ka|Rajkummar Rao|Business|Not Uploaded
2019|Made In China|Tough times don't last ... tough people do|Unknown|Inspiration|Not Uploaded
2019|Made In China|Yeh zindagi kya hai, yeh duniya kya hai ... ek bahut bada WhatsApp group hai aur jiska admin kaun hai ... uparwala ... toh khushiyon ko forward karte rahiye ... zindagi ka data unlimited rahega|Unknown|Life|Not Uploaded
2019|Made In China|Businessmen idea bechte hai aur entrepreneur idea banate hai|Unknown|Business|Not Uploaded
2019|Marjaavaan|Jaan toh woh bhi leta hai, joh tadpata hai aur phir khud hi marham ban jaata hai ... ishq|Tara Sutaria|Romance|Not Uploaded
2019|Marjaavaan|Main maut se darta nahi hoon ... maut se woh log darte hai jinhe jeene ka lalach ho ... aur jab se tum mili ho main lalchi ho gaya hoon|Sidharth Malhotra|Death|Not Uploaded
2019|Marjaavaan|Main badla nahi loonga ... main inteqam loonga|Sidharth Malhotra|Revenge|Not Uploaded
2019|Marjaavaan|Salaam-e-ishq meri jaan nahi qubool tujhko ... par tujhse pyar karne ki qubool hai bhool mujhko|Rakul Preet Singh|Shayari|Not Uploaded
2019|Marjaavaan|Bagavat ke liye ijazat ki zaroorat nahi ... rok sake is sher ko utni tum kutton mein taqat nahi|Sidharth Malhotra|Action|Not Uploaded
2019|Marjaavaan|Woh milta hai mushkil se joh sacha hota hai ... mil jaaye lekin jab sab accha hota hai|Tara Sutaria|Shayari|Not Uploaded
2019|Marjaavaan|Har prem kahani us din shuru hoti hai jab do log milte hai ... aur khatam tab hoti hai jab woh bichadte hai|Ravi Kishan|Romance|Not Uploaded
2019|Marjaavaan|Main maarunga mar jayega ... dobara janam lene se darr jayega|Sidharth Malhotra|Action|Not Uploaded
2019|Marjaavaan|Mandir aur masjid dono milenge ... guzrega is desh ki jis gali se ... madad milegi har kisi ko ... maango ya Ali se ya Bajrangbali se|Sidharth Malhotra|Religion & God|Not Uploaded
2019|Marjaavaan|Zara gaur se sunoge toh ehsaas hoga ki har ek cheez mein music hai ... baarish ki girti boondon mein ... aankhon se girte aansun mein ... kisi ke shor mein ... kisi ki khamoshi mein ... har ek dhadkan ... har ek saans mein|Tara Sutaria|Music|Not Uploaded
2019|Marjaavaan|Husn hazir hai mohabbat ki saza paane ko ... tere ishq mein marke dikha dungi zamane ko|Rakul Preet Singh|Shayari|Not Uploaded
2019|Marjaavaan|Agar bhagwan ne paida kiya toh khuda ne paala ... issa ne zinda rakha toh waheguru ne sambhala ... mera koi rab nahi, koi ek mazhab nahi|Sidharth Malhotra|Religion & God|Not Uploaded
2019|Marjaavaan|Aisa kabhi socha na tha yeh anjaam hoga ... ek waqt ka badshah aaj ghulam hoga|Ritesh Deshmukh|Shayari|Not Uploaded
2019|Marjaavaan|Jab tu paida hua tha tab sirf tera kadh chota tha ... lekin bade hokar teri harkatein usse choti nikli|Nassar|Drama|Not Uploaded
2019|Marjaavaan|Maarunga kanpati pe ... dard mitega Ganpati pe|Sidharth Malhotra|Rowdyism|Not Uploaded
2019|Marjaavaan|Itihaas gawah hai ... taash ho ya zindagi ... begum ke chakkar mein badshah aur ghulam dono joker bane hai|Sidharth Malhotra|Gambling|Not Uploaded
2019|Marjaavaan|Raghukul reet sada chali aayi ... Ram ne hi Ravan ki chita jalai|Sidharth Malhotra|Religion & God|Not Uploaded
2019|Marjaavaan|Bina badshah ki izazat jab awam khushiyan manati hai ... bagawat ki pehli nishani wohi hoti hai|Ritesh Deshmukh|Royal|Not Uploaded
2019|Marjaavaan|Ek Ravan dus sar ... ek Vishnu dus ka asar|Ritesh Deshmukh|Religion & God|Not Uploaded
2019|Marjaavaan|Teri tarah khuda ke ghar mein khoon bahana nahi ek sache musalman ki fitrat hai ... ruka hoon tere parvardigar ke, bahar aa agar tujh mein himmat hai|Ravi Kishan|Shayari|Not Uploaded
2019|Marjaavaan|Holi utni hi khelo jitna gulaal ho ... aur namak halaali karte karte na khud halaal ho|Sidharth Malhotra|Shayari|Not Uploaded
2019|Marjaavaan|Duniya ka sabse khatarnak hathyar, dhai kilo ki bandook nahi ... yeh dedh kilo ka dimaag hota hai|Ritesh Deshmukh|Action|Not Uploaded
2019|Marjaavaan|Jumme ki raat hai ... badle ki baat hai ... Allah bachaye tujhe mere vaar se|Ritesh Deshmukh|Revenge|Not Uploaded
2019|Marjaavaan|Dost ki dosti par se yakeen khona aasaan hai ... dushman ki dushmani par se yakeen khona aasaan nahi hai|Ritesh Deshmukh|Enemy|Not Uploaded
2019|Marjaavaan|Bandook kitni bhi badi kyun na ho ... jaan lene wali goli choti hi hoti hai|Ritesh Deshmukh|Action|Not Uploaded
2019|Marjaavaan|Pata hai deewangi ki height kya hai ... ek ladka bola ladki se, I love you ... ladki haskar boli, ha ha ha ha ... ladka apne dost se bola ... char baar haan boli|Ritesh Deshmukh|Comedy|Not Uploaded
2019|Marjaavaan|Pata hai stupidity ki height kya hai ... ek kangi ke liye ladte huye do ganje|Ritesh Deshmukh|Comedy|Not Uploaded
2019|Marjaavaan|Pata hai umeed ki height kya hai ... samundar ke kinare tatti karta hua lula ... is umeed mein ki lehrein aake dho dengi|Sidharth Malhotra|Comedy|Not Uploaded
2019|Marjaavaan|Todhunga bhi aur todh phodke jodhunga bhi|Ritesh Deshmukh|Action|Not Uploaded
2019|Marjaavaan|Pata hai competition ki height kya hai ... Niagara Falls ke samne pishaab karta hua aadmi|Unknown|Comedy|Not Uploaded
2019|Marne Bhi Do Yaaron|Main samay hoon ... main dard nahi, dawa bhi nahi ... main khuda nahi, duaa bhi nahi ... yaaron mujhse darna nahi ... aur waqt se pehle kabhi marna nahi|Krishna Abhishek|Time|Not Uploaded
2019|Marne Bhi Do Yaaron|Waqt ek parinda hai ... aur woh us hi ke saath hai joh zinda hai|Krishna Abhishek|Time|Not Uploaded
2019|Marne Bhi Do Yaaron|Apne desh ki chitti ho ya mitti ho ... dono ko hi dekhkar bada sukoon milta hai|Krishna Abhishek|Patriotism|Not Uploaded
2019|Marne Bhi Do Yaaron|Aadmi chahe kitni bhi oonchaiyon par pahunch jaaye na ... lekin raaste pairon ke neeche hote hai|Kiran Kumar|Drama|Not Uploaded
2019|Marne Bhi Do Yaaron|Main yoon hi logon ki kismat aazmata hoon ... waqt hoon na, waqt par hi aata hoon|Krishna Abhishek|Time|Not Uploaded
2019|Milan Talkies|Film hit ho ya flop ho, zindagi super-hit honi chahiye boss ... aur zindagi tab super-hit hoti hai jab aapko woh hasil ho jaye joh aapne apne dil se chaha ho|Ali Fazal|Life|Not Uploaded
2019|Milan Talkies|Sasti sharaab aur sasta sex nuksaan hi karta hai guru|Unknown|Food & Drinks|Not Uploaded
2019|Mission Mangal|A dream is not what you see in sleep ... a dream is something which does not let you sleep|Akshay Kumar|Dreams|Not Uploaded
2019|Mission Mangal|Pray to whatever god you want ... just pray to the power, not the picture|Vidya Balan|Religion & God|Not Uploaded
2019|Mission Mangal|Poori duniya se kaho copy that|Akshay Kumar|World & Universe|Not Uploaded
2019|Mission Mangal|Hamari har samasya ki marramat NASA se karvane jayenge ... toh hum satyanasa ho jayenge|Akshay Kumar|Comedy|Not Uploaded
2019|Mission Mangal|There's no science without experiments|Akshay Kumar|Technology & Science|Not Uploaded
2019|Mission Mangal|Mere scientist ban'ne ka koi matlab nahi hai ... agar mera science mere desh ke kaam na aaye|Akshay Kumar|Technology & Science|Not Uploaded
2019|Motichoor Chaknachoor|(Kaa kare feelings hi nahi aa rahe?) - Tum aankh band karo aur Burj Khalifa ke bare mein socho ... feelings apne aap aa jayegi|Unknown|Adult|Not Uploaded
2019|Motichoor Chaknachoor|Aadmi aur bandar, kitne bhi budha jaaye ... gulati maarna nahi bhoolte|Unknown|Men|Not Uploaded
2019|Motichoor Chaknachoor|Kabab mein haddi aur jawani mein buddhi ... sahi na hoye|Unknown|Food & Drinks|Not Uploaded
2019|Motichoor Chaknachoor|Hamao byah hoke rahega ... London, America, Dubai nahi mila toh ... Nepal, Sri Lanka, Bhutan toh milega|Unknown|City & Places|Not Uploaded
2019|Motichoor Chaknachoor|Iske salary ke din khatam aur pension ke din aane wale hai|Unknown|Money|Not Uploaded
2019|Motichoor Chaknachoor|Joh modhi bidaai pe roke na aaye ... woh sasural mein sabne rulaye|Unknown|Marriage & Wedding|Not Uploaded
2019|Pagalpanti|Yeh sach hai ki calendar har tareek ko badalta hai ... lekin ek tareek aisi bhi aati hai joh calendar ko hi badal deti hai|John Abraham|Inspiration|Not Uploaded
2019|Pagalpanti|Agar niyat saaf ho aur aadmi imaandari se kaam kare ... toh sade-saati bhi uska kuch nahi bighad sakti|John Abraham|Truth & Honesty|Not Uploaded
2019|Pagalpanti|Yeh six-pack, eight-pack, yeh body, kisi bhi gym mein ban sakti hai ... par aisa koi gym nahi bana jahan himmat banti ho|Arshad Warsi|Courage|Not Uploaded
2019|Pagalpanti|Jeb mein zara sa chhed ho jaaye na ... toh sikkon se pehle rishtey gir jaate hai|John Abraham|Drama|Not Uploaded
2019|Pagalpanti|Is matlabi duniya mein agar koi bematlab ki baat bol jaaye ... toh us betmatlabi baat ka bhi bahut bada matlab hota hai ... aur tum jaise matlabi insaan ke saath rehne ka yeh matlab hai ki ... saari duniya ka matlab samajh mein aa jaata hai|John Abraham|Comedy|Not Uploaded
2019|Pagalpanti|Paise se dushmani badh sakti hai ... pan dushmani se paisa nahi badh sakta|Arshad Warsi|Money|Not Uploaded
2019|Pagalpanti|Idea ice-cream ki tarah hoti hai ... zyada socho toh pighal jaati hai|Arshad Warsi|Food & Drinks|Not Uploaded
2019|Pagalpanti|Hum log science mein maante hai ... non-science mein nahi|Unknown|Comedy|Not Uploaded
2019|Pagalpanti|Aapke dushman pe humne aisi dushmani nikali hai ... ki agar woh dushman bhi apne dushman ko dekh le na ... toh woh apni dushmani bhoolke us dushman pe taras khane lagega|Unknown|Enemy|Not Uploaded
2019|Panipat|Main is dharti ke mitti ke ek kann ke liye bhi marne ko taiyaar hoon|Arjun Kapoor|Patriotism|Not Uploaded
2019|Panipat|Main bhi tumhare saath chalungi ... sukh mein peeche rahungi aur dukh mein aage aa jaungi|Kriti Sanon|Happiness|Not Uploaded
2019|Panipat|Soorma wohi hai bade joh har haal mein lade ... sar hatheli par lekar chale ... dharam unka hai veerta, karam unka hai veerta ... jeet ya haar hogi yeh sochte nahi|Suhasini Mulay|Courage|Not Uploaded
2019|Pati Patni Aur Woh|Biwi se sex maang le toh hum bikhari ... biwi ko sex na de toh hum atyachari ... aur kisi tarah jugaad lagake usse sex hasil karle na toh balatkari bhi hum hai|Kartik Aaryan|Adult|Not Uploaded
2019|Pati Patni Aur Woh|Phir kabhi kisi ne aapke hasi ki tareef ki ... toh sochiyega yeh hasi aapke chehre pe hai kis wajah se|Bhumi Pednekar|Happiness|Not Uploaded
2019|Pati Patni Aur Woh|Zindagi mein ek hoti hai haqeeqat aur ek hoti hai kapol kalpana|Aparshakti Khurana|Life|Not Uploaded
2019|Pati Patni Aur Woh|Pati patni aur woh ke khele mein ... woh toh saala us gap ka naam hai ... joh pati aur patni apne beech mein aa jaane dete hai, khud hi|Sunny Singh|Husband & Wife|Not Uploaded
2019|Pati Patni Aur Woh|Aisa koi prashan nahi hai jiska uttar, Uttar Pradesh mein na mile|Kartik Aaryan|City & Places|Not Uploaded
2019|Pati Patni Aur Woh|No but, no why ... free free bird and blue blue sky|Ananya Pandey|Animals & Birds|Not Uploaded
2019|Pati Patni Aur Woh|Tum joh karte ho uspe pyar aata hai ... aur joh nahi karte uspe zyada pyar aata hai|Bhumi Pednekar|Romance|Not Uploaded
2019|Pati Patni Aur Woh|Jahan chah wahan raah hoti hai ... aur jahan pyar wahan parwah hoti hai|Unknown|Romance|Not Uploaded
2019|Pati Patni Aur Woh|Jaisi kaali raat mein khil uthta hai chaand ... in my classes you are the best teacher on demand|Unknown|Comedy|Not Uploaded
2019|PM Narendra Modi|Inke liye ek pariwar hi Hindustan hai ... aur mere liye Hindustan hi mera pariwar hai|Vivek Oberoi|Patriotism|Not Uploaded
2019|PM Narendra Modi|Jeetne ka maza tab aata hai jab sab aapke haarne ki umeed karte hai|Vivek Oberoi|Victory & Success|Not Uploaded
2019|PM Narendra Modi|Modi ek insaan nahi ... ek soch hai|Vivek Oberoi|Politics|Not Uploaded
2019|Pranaam|Hum zindagi ko nahi ... zindagi humko plan karti hai|Rajeev Khandelwal|Life|Not Uploaded
2019|Pranaam|Mauke aate nahi ... banaye jaate hai|Atul Kulkarni|Inspiration|Not Uploaded
2019|Pranaam|Sau sukh paaye maat pita jinke hoth sapoot ... narak bhog jeeye jaat hai jinke hoth kapoot|Atul Kulkarni|Parents|Not Uploaded
2019|Pranaam|Police aur neta is system ka woh hissa hai jinhe chheda nahi jaata ... lekin agar baat hadh se aage badh jaaye toh chhoda bhi nahi jaata|Rajeev Khandelwal|Police|Not Uploaded
2019|Prasthanam|Rajneeti bolo toh ek second ... socho toh ek minute ... seekh lo toh kuch din ... lekin rajneeti samajhne ke liye poori zindagi nikal jaati hai|Sanjay Dutt|Politics|Not Uploaded
2019|Prasthanam|Politicians aur diapers ko badalna chahiye ... nahi toh gandagi phail jayegi|Sanjay Dutt|Politics|Not Uploaded
2019|Prasthanam|Politics mein ek cheez yaad rakhna ... sikka uchle ya na uchle ... keechad zaroor uchalta hai|Sanjay Dutt|Politics|Not Uploaded
2019|Prasthanam|Haq doge toh Ramayan shuru hogi ... cheenoge toh Mahabharat ... faisla tumhe karna hai Ramayan ke Mahabharat|Sanjay Dutt|War & Battle|Not Uploaded
2019|Prasthanam|Main bahut ajeeb hoon ... phal nahi milta hai toh pedh kaat deta hoon ... aur pedh nahi mila toh jadh kaat deta hoon|Chunky Pandey|Flowers & Trees|Not Uploaded
2019|Prasthanam|Politics sher ki sawari hai ... ek baar utar gaye toh jaan se bhi haath dho behetoge|Sanjay Dutt|Politics|Not Uploaded
2019|Prasthanam|Jung joh hai na gurde se jeeti jaati hai ... goli se nahi|Ali Fazal|War & Battle|Not Uploaded
2019|Prasthanam|Jab kaatne ki aukaad nahi ho na ... toh bhaukna bhi nahi chahiye|Sanjay Dutt|Rowdyism|Not Uploaded
2019|Romeo Akbar Walter|Apni position se retire hona bahut aasaan hai ... magar apni soch se bahut mushkil|Jackie Shroff|Job & Career|Not Uploaded
2019|S.P. Chauhan|Achi maa har bete ke naseeb mein hove ... par acha beta har maa ke naseeb mein nahi hota|Unknown|Parents|Not Uploaded
2019|Saaho|Jab bache baat nahi maante toh unhe kahani sunai jaati hai ... jab badhe baat nahi maante toh unhe raaz bataye jaate hai|Chunky Pandey|Drama|Not Uploaded
2019|Saaho|Gully cricket mein toh sab Tendulkar hai ... asli talent woh hota hai joh bhare maidan ke bahar sixer maar sake|Shraddha Kapoor|Sports & Games|Not Uploaded
2019|Saaho|Hamara rishta din aur raat jaisa hai ... dono ek doosre ke mohtaj hai ... aur ek saath reh bhi nahi sakte|Unknown|Drama|Not Uploaded
2019|Saaho|Main tujhe itni jagah se khol doonga ... ke poore shehar ke mochi milke tujhe phir se sil nahi payenge|Unknown|Rowdyism|Not Uploaded
2019|Saand Ki Aankh|(Aurat chahe kisi bhi mukaam par pahunch jaye, par apni sahi umar batane se katrati hai) - Sahi umar batane mein ke hai ... par asal mein aurat us umar ka sahi hisaab na lage sake hai joh usne apne liye jee ho|Bhumi Pednekar|Women|Not Uploaded
2019|Saand Ki Aankh|Tann buddha hove hai ... mann buddha nahi hota|Taapsee Pannu|Comedy|Not Uploaded
2019|Saand Ki Aankh|Mardangi dhoti aur moochon mein na hove hai ... mardangi jigar mein hove hai|Unknown|Men|Not Uploaded
2019|Student Of The Year 2|Din tera tha ... saal mera hoga|Tiger Shroff|Drama|Not Uploaded
2019|Student Of The Year 2|Jinke apne khud ke sapne nahi hote ... unki poori life auron ke sapne poore karne mein lag jaati hai ... issi liye life mein apna sapna khud chhuno ... aur usse khuli aankhon se dekho ... taaki jab woh sach ho toh sabse pehle woh tumhe dikhe|Tiger Shroff|Dreams|Not Uploaded
2019|Student Of The Year 2|Life agar maidan hai toh usse do hisso mein divide karo ... ek mein sapne, doosre mein asliyat ... jisse paar wohi karta hai joh bharosa kismat se zyada apni mehnat par kare|Tiger Shroff|Life|Not Uploaded
2019|Student Of The Year 2|Jis din kabaddi kabaddi khelte huye tere paale mein ghusunga ... teri izzat ke saath saath teri pehchaan ko bhi hawa mein uchaal dunga|Tiger Shroff|Sports & Games|Not Uploaded
2019|Student Of The Year 2|Duniya dekhne se zyada na ... main chahti hoon ki duniya mujhe dekhe|Unknown|World & Universe|Not Uploaded
2019|Super 30|Yeh ameer log apne liye khud chikna sadak banaye ... hamari raah mein aisa bada bada ghadda khod diye ... lekin yehi woh sabse badi galati kar diye ... humko saala chalang lagana sikha diye ... jab samay aayega toh sabse bada aur sabse lamba chalang hum hi maarenge|Hrithik Roshan|Drama|Not Uploaded
2019|Super 30|Aaj raja ka beta raja nahi banega ... raja wohi banega joh haqdaar hoga|Hrithik Roshan|Royal|Not Uploaded
2019|Super 30|Prayaas aur safalta ke beech mein ek hi number ka farak hota hai|Hrithik Roshan|Victory & Success|Not Uploaded
2019|Super 30|Jab ek ghar mein ek bacha padh leta hai na ... toh us ghar ka, us pariwar ka, maata pita ka, aane wali saat pushton ka ... sabka life hamesha ke liye badal jaata hai|Hrithik Roshan|Education|Not Uploaded
2019|Super 30|Aapatti se hi aavishkar ka janam hota hai|Virendra Saxena|Inspiration|Not Uploaded
2019|Super 30|Jitna aapka jeb khali ... utna aapki taleem bhaari|Unknown|Education|Not Uploaded
2019|Super 30|Baatne se gyaan do ka chaar ho jaata hai ... aur na baatne se do ka zero|Unknown|Education|Not Uploaded
2019|The Tashkent Files|Rajneeti mein kuch sach nahi hota ... yehi iska sach hai|Mithun Chakraborty|Politics|Not Uploaded
2019|The Tashkent Files|Raajneeti mein jeetna bahut zaroori hai ... kyun ki haare huye log desh ki taqdeer nahi badal sakte|Mithun Chakraborty|Politics|Not Uploaded
2019|The Tashkent Files|Kings sabko yaad rehte hai ... kingmakers yaad nahi rehte|Naseeruddin Shah|Royal|Not Uploaded
2019|The Tashkent Files|Ek murder ke clues murder se pehle nahi ... balki murder ke baad kya hota hai us mein chupe hote hai|Mithun Chakraborty|Drama|Not Uploaded
2019|The Tashkent Files|Shashtri ji ne humein naara diya hai ... jai jawaan jai kisaan ... aur is sarkar ka naara kya hai ... jai shaitaan jai haivaan|Naseeruddin Shah|Patriotism|Not Uploaded
2019|The Tashkent Files|Idiots hai woh jinko sach se darr lagta hai ... darna rumours se chahiye ... kyun ki rumour ko agar roka na gaya toh woh aisa sach ban jaata hai ... jiske saamne sach bhi jhooth lagne lagta hai|Unknown|Truth & Honesty|Not Uploaded
2019|The Tashkent Files|Past ko bhoola ja sakta hai, usse bacha nahi ja sakta ... ek na ek din woh aakar hamare saamne zaroor khada ho jaata hai|Unknown|Drama|Not Uploaded
2019|The Zoya Factor|Dengue, malaria, polio ... inse bhi zyada khatarnak bimaari hai cricket|Unknown|Sports & Games|Not Uploaded
2019|The Zoya Factor|Success mein na luck ka koi importance nahi hota hai ... woh sirf failure ke liye ek bahana hai|Unknown|Luck & Destiny|Not Uploaded
2019|The Zoya Factor|Players ka skill yeh tay karta hai ki ball ki speed kya hogi ... bat ka angle kya hoga ... aur fielder kis second pe upar koodhega ... par catch hoga ya sixer ... yeh toh sirf luck factor pe depend karta hai|Unknown|Sports & Games|Not Uploaded
2019|War|Hum bhi chal rahe the ... saaye bhi wahan the ... ishaare the kitne ... samajhdaar kahan the|Tiger Shroff|Shayari|Not Uploaded
2019|War|Mauka mile toh goli chala dena, sochna mat ... main nahi sochunga|Hrithik Roshan|Action|Not Uploaded
2019|War|Match khatam hone se pehle jeetni ki poori koshish karo ... bhaago, daudo, khelo, ladho, sab kuch ... par ek baar match khatam ho jaaye toh yeh mat socho ki tum haare ya jeete ... balki apne aap se yeh poocho, ki did I give it my very best or not ... aur agar tumhara jawaab haan hai ... then you're a winner|Hrithik Roshan|Victory & Success|Not Uploaded
2019|War|Sabse pehle watan ... uske baad watan ... aur aakhir mein watan|Tiger Shroff|Patriotism|Not Uploaded
2019|War|Aap kisi aur tak pahunche ... usse pehle main aap tak pahuchunga|Tiger Shroff|Drama|Not Uploaded
2018|Mard Ko Dard Nahi Hota|Har mind blowing kahani ke peeche na ... kuch bahut hi bure decisions hote hai|Gulshan Devaiah|Drama|Not Uploaded
2018|Mard Ko Dard Nahi Hota|Nazar gul toh goti gul|Mahesh Manjrekar|Adult|Not Uploaded
2018|Mard Ko Dard Nahi Hota|Bruce Lee se zyada zaroori ab life mein saheli hai|Unknown|Comedy|Not Uploaded
2018|Sonu Ke Titu Ki Sweety|Is duniya ke har chu*iye ko lagta hai ki uski wali alag hai ... aur tere mooh se yeh alag hai sunke mujhe yakeen ho gaya hai ki "L" lagne wale hai|Kartik Aaryan|Comedy|Not Uploaded
2018|Veere Di Wedding|Guess what an orgasm is called in Hindi ladies ... "charam sukh"|Unknown|Adult|Not Uploaded
2017|Qarib Qarib Singlle|Log har peshe mein khudko ghulam kehte hai ... hum ishq karne wale shayari ko kaam kehte hai|Irrfan Khan|Shayari|Not Uploaded
2016|Ae Dil Hai Mushkil|Har shayara ko shaadi kar leni chahiye ... shohar achcha mile toh zindagi achchi kat jaati hai ... na mile toh shayari achchi ho hi jaati hai|Aishwarya Rai|Marriage & Wedding|Not Uploaded
2016|Junooniyat|Har sher mein alfaaz toh hote hai ... par har alfaaz shayari nahi ... pyar toh sab karte hai ... par har pyar junooniyat nahi|Pulkit Samrat|Shayari|Not Uploaded
2016|Pink|"Na" sirf ek shabd nahi ... apne aap mein ek poora vakya hai ... isse kisi tarakh, spashtikaran, explanation ya vyakhya ki zaroorat nahi hoti ... na ka matlab na hi hota hai|Amitabh Bachchan|Drama|Not Uploaded
2016|Wajah Tum Ho|Revenge, you have many faces|Sharman Joshi|Revenge|Not Uploaded
2015|Bombay Velvet|Picture jab housefull hota hai na ... toh ticket us-hich ko milta hai jiski manager tak pehchan ho|Ranbir Kapoor|Comedy|Not Uploaded
2015|Charlie Kay Chakkar Mein|Aa gaya superstar aur maina ... ab hoga melodrama, hai na?|Unknown|Comedy|Not Uploaded
2015|Pyaar Ka Punchnama 2|Aadmi ka dimaag jeevan ka gyan sookne ke liye bana hai ... lekin kuch ch*tiye isse auraton ka ch*tiyapa sookne ke liye istemaal karte hai|Kartik Aaryan|Men|Not Uploaded
2015|Pyaar Ka Punchnama 2|Ek relationship mein pade huye aadmi ka dimaag nichhodke agar aap dekhe ... toh aapko balti bharke ch*tiyapa milega|Kartik Aaryan|Men|Not Uploaded
2015|Pyaar Ka Punchnama 2|Inka sabse bada ch*tiyapa yeh hai ki inhe sex ke baad bhi baat karni hai ... meetha khane ke baad koi soup peeta hai kya?|Unknown|Adult|Not Uploaded
2014|2 States|Budhi ho ya jawaan ... melodrama is duniya ki sari auraton ke khoon mein hota hai|Arjun Kapoor|Women|Not Uploaded
2014|Bewakoofiyaan|If there is love ... toh tees rupaye aur ek cup coffee enough hai happiness ke liye|Ayushmann Khurrana|Happiness|Not Uploaded
2014|Humshakals|Kya house hai, kya blouse hai, kya aapka koi spouse hai?|Saif Ali Khan|House|Not Uploaded
2014|Ragini MMS 2|Horror film ka asli mazaa toh raat ko akele mein hi aata hai|Parvin Dabas|Horror|Not Uploaded
2014|Raja Natwarlal|Risk aur opportunity ke beech mein hi toh chance milta hai ... aur joh us chance ke saath romance karta hai ... wohi asli raja kehlata hai|Emraan Hashmi|Inspiration|Not Uploaded
2013|Jackpot|The house always wins!|Naseeruddin Shah|Gambling|Not Uploaded
2013|Nautanki Saala|Yeh theater hai theater ... yahan drama nahi chalega|Ayushmann Khurrana|Comedy|Not Uploaded
2012|Bol Bachchan|Vazan uthane waale ki baaton mein kya vazan aaya hai ... action hero ke andhar romance ka tadka nazar aaya hai|Archana Puran Singh|Shayari|Not Uploaded
2012|Cocktail|Everything that's in the house is on the house|Deepika Padukone|House|Not Uploaded
2012|Mere Dost Picture Abhi Baki Hai|Film mein location hi location hai, situation hai hi nahi ... film mein star hi star hai, story hai hi nahi ... film mein action hi action hai, bomb hi bomb hai ... sex aur comedy kam hai|Unknown|Comedy|Not Uploaded
2011|Don 2|"Sir" ... Sir bahut sharif sa lagta hai ... call me Don|Shahrukh Khan|Rowdyism|Not Uploaded
2011|Double Dhamaal|Comedy picture ke thakele joker log|Satish Kaushik|Rowdyism|Not Uploaded
2011|Pyaar Ka Punchnama|Ab pata chala yeh aadmiyon ko itne heart attack kyun aate hai aur yeh gay bandhe itne successful kyun hote hai ... because they don't have a woman to screw their happiness na|Kartik Aaryan|Men|Not Uploaded
2011|Pyaar Ka Punchnama|Relationship ka matlab hi hota hai an end to your own happiness|Kartik Aaryan|Happiness|Not Uploaded
2011|Tere Mere Phere|Umar ke saath saath na parents bachche ban jaate hai aur bachche parents|Unknown|Parents|Not Uploaded
2010|Aisha|Thoda butter, thoda drama aur thoda tears mix karo ... and papa ki koi bhi na yes ho jaati hai|Arunoday Singh|Parents|Not Uploaded
2010|Kites|Money can buy you happiness ... if you know where to shop|Unknown|Money|Not Uploaded
2009|All The Best|Comedy toh abhi abhi shuru ki hai beta ... action main tees saal se karta aa raha hoon|Sanjay Dutt|Comedy|Not Uploaded
2009|Raat Gayi Baat Gayi?|Happiness is good health and a bad memory|Dalip Tahil|Happiness|Not Uploaded
2009|What's Your Raashee?|Zindagi mein romance aate hi zindagi kitni magical ho jaati hogi na?|Priyanka Chopra|Romance|Not Uploaded
2008|Dostana|Only shak ... no f*ck!|John Abraham|Adult|Not Uploaded
2008|Sarkar Raj|Soch hamesha achchi hoti hai ... matlab badal jaata hai|Govind Namdeo|Drama|Not Uploaded
2007|Gandhi My Father|"Karo ya maro" ... hum Bharat ko azaad karenge ya phir ussi koshish mein apni jaan dedenge|Darshan Jariwala|Patriotism|Not Uploaded
2007|Life Mein Kabhie Kabhiee|Happiness is nothing but the absence of sadness|Aftab Shivdasani|Happiness|Not Uploaded
2006|Kudiyon Ka Hai Zamaana|Romance time dekh karke todhi na aata hai ... romance bhi divorce ki tarah ho jaata hai bas|Rekha|Romance|Not Uploaded
2005|Maine Pyaar Kyun Kiya|Shaadi shuda zindagi mein pyar ki daal agar thandi padh jaye ... toh us mein romance ka tadka lagake fresh kar dena chahiye|Arshad Warsi|Marriage & Wedding|Not Uploaded
2005|Sarkar|Silver Mani light matters mein comedy karte hai ... serious matters mein murder|Kota Srinivasa Rao|Action|Not Uploaded
2004|Swades|Apni chaukhat ka diya ... giving light to neighbor's house|Unknown|Comedy|Not Uploaded
2004|Veer Zaara|Mohabbat kitaabon mein hoti hai, shayari mein hoti hai ... zindagi mein nahi|Kiron Kher|Romance|Not Uploaded
2002|Devdas (2002)|Dil ke chaalon ko koi shayari kahe toh parwah nahi ... takleef toh tab hoti hai jab koi wah wah wah karta hai|Shahrukh Khan|Shayari|Not Uploaded
2002|Devdas (2002)|Yeh toh 'sh' se shayari ho gayi|Jackie Shroff|Comedy|Not Uploaded
1996|Dushman Duniya Ka|Horror shows, horror novels kabhi mat padna ... dimaag ke khaate mein haddiyon ka dhancha nazar aata hai|Johnny Lever|Horror|Not Uploaded
1992|Insaaf Ki Devi|Mere bedroom ka darwaza bhi meri tarah romantic hai ... ladki andar aa jaye aur jab tak romance poora na ho ... tab tak khulta hi nahi hai|Shakti Kapoor|Romance|Not Uploaded
1988|Ghar Mein Ram Gali Mein Shyam|You came into my house that is god's nature ... sometimes I look at you and sometimes my furniture|Anupam Kher|House|Not Uploaded
1988|Hero Hiralal|Main bola picture chalengi toh chalengi ... silver jubilee, house full ... main pass nahi kiya toh picture ka dabba gul|Naseeruddin Shah|Shayari|Not Uploaded
1984|Sharaabi|Hamari zindagi ka tambu teen bambuon pe khada hua hai ... shayari, sharaab aur aap|Amitabh Bachchan|Life|Not Uploaded
1983|Mahaan|Duniya ek stage hai, zindagi uska drama hai, insaan keval naam-matra actor hai aur maut uska parda hai|Amitabh Bachchan|World & Universe|Not Uploaded
1976|Kabhi Kabhie|Main zara romantic kisam ka aadmi hoon ... shaadi ke baad ishq karna toh chhod diya hai ... is liye biwi se romance karke kaam chala leta hoon|Shashi Kapoor|Husband & Wife|Not Uploaded
1975|Chupke Chupke|Climax mein pahuchakar drama ke chutti mat karao|Dharmendra|Comedy|Not Uploaded
1975|Faraar|Miya biwi ke romance ko censor board bhi nahi kaat sakta|Sanjeev Kumar|Husband & Wife|Not Uploaded
1975|Sholay|Is story mein emotion hai, drama hai, tragedy hai|Dharmendra|Comedy|Not Uploaded
1972|Gora Aur Kala|Hamari shayari mein apne husn ka rang bhar do ... hamari awaaz ko apni adaon ka saaz do ... hamare tassavur ko zindagi bhaksh do|Rajendra Kumar|Poem|Not Uploaded
